-- Добавление мероприятия Катамараны 🚤
INSERT INTO events (id, title, description, capacity, created_at, updated_at)
VALUES (3, 'Катамараны 🚤', 'Работает 4 катамарана, по 2 человека в каждом — итого 8 мест', 8, NOW(), NOW());

-- Добавление временных слотов для Катамаранов (пример на 2024-06-01)
INSERT INTO timeslots (event_id, start_time, end_time, created_at, updated_at) VALUES
(3, '2024-06-01 15:30:00', '2024-06-01 15:45:00', NOW(), NOW()),
(3, '2024-06-01 15:45:00', '2024-06-01 16:00:00', NOW(), NOW()),
(3, '2024-06-01 16:00:00', '2024-06-01 16:15:00', NOW(), NOW()),
(3, '2024-06-01 16:15:00', '2024-06-01 16:30:00', NOW(), NOW()),
(3, '2024-06-01 16:30:00', '2024-06-01 16:45:00', NOW(), NOW()),
(3, '2024-06-01 16:45:00', '2024-06-01 17:00:00', NOW(), NOW()),
(3, '2024-06-01 17:00:00', '2024-06-01 17:15:00', NOW(), NOW()),
(3, '2024-06-01 17:15:00', '2024-06-01 17:30:00', NOW(), NOW()),
(3, '2024-06-01 17:30:00', '2024-06-01 17:45:00', NOW(), NOW()),
(3, '2024-06-01 17:45:00', '2024-06-01 18:00:00', NOW(), NOW()),
(3, '2024-06-01 18:00:00', '2024-06-01 18:15:00', NOW(), NOW()),
(3, '2024-06-01 18:15:00', '2024-06-01 18:30:00', NOW(), NOW());

-- Добавление мероприятия Рыбалка 🎣
INSERT INTO events (id, title, description, capacity, created_at, updated_at)
VALUES (4, 'Рыбалка 🎣', '', 10, NOW(), NOW());

-- Слоты для Рыбалки
INSERT INTO timeslots (event_id, start_time, end_time, created_at, updated_at) VALUES
(4, '2024-06-01 15:30:00', '2024-06-01 15:45:00', NOW(), NOW()),
(4, '2024-06-01 15:45:00', '2024-06-01 16:00:00', NOW(), NOW()),
(4, '2024-06-01 16:00:00', '2024-06-01 16:15:00', NOW(), NOW()),
(4, '2024-06-01 16:15:00', '2024-06-01 16:30:00', NOW(), NOW()),
(4, '2024-06-01 16:30:00', '2024-06-01 16:45:00', NOW(), NOW()),
(4, '2024-06-01 16:45:00', '2024-06-01 17:00:00', NOW(), NOW()),
(4, '2024-06-01 17:00:00', '2024-06-01 17:15:00', NOW(), NOW()),
(4, '2024-06-01 17:15:00', '2024-06-01 17:30:00', NOW(), NOW()),
(4, '2024-06-01 17:30:00', '2024-06-01 17:45:00', NOW(), NOW()),
(4, '2024-06-01 17:45:00', '2024-06-01 18:00:00', NOW(), NOW()),
(4, '2024-06-01 18:00:00', '2024-06-01 18:15:00', NOW(), NOW()),
(4, '2024-06-01 18:15:00', '2024-06-01 18:30:00', NOW(), NOW());

-- Добавление мероприятия VR 🕶️
INSERT INTO events (id, title, description, capacity, created_at, updated_at)
VALUES (5, 'VR 🕶️', '', 2, NOW(), NOW());

-- Слоты для VR
INSERT INTO timeslots (event_id, start_time, end_time, created_at, updated_at) VALUES
(5, '2024-06-01 15:35:00', '2024-06-01 15:40:00', NOW(), NOW()),
(5, '2024-06-01 15:40:00', '2024-06-01 15:45:00', NOW(), NOW()),
(5, '2024-06-01 15:45:00', '2024-06-01 15:50:00', NOW(), NOW()),
(5, '2024-06-01 15:50:00', '2024-06-01 15:55:00', NOW(), NOW()),
(5, '2024-06-01 15:55:00', '2024-06-01 16:00:00', NOW(), NOW()),
(5, '2024-06-01 16:00:00', '2024-06-01 16:05:00', NOW(), NOW()),
(5, '2024-06-01 16:05:00', '2024-06-01 16:10:00', NOW(), NOW()),
(5, '2024-06-01 16:10:00', '2024-06-01 16:15:00', NOW(), NOW()),
(5, '2024-06-01 16:15:00', '2024-06-01 16:20:00', NOW(), NOW()),
(5, '2024-06-01 16:20:00', '2024-06-01 16:25:00', NOW(), NOW()),
(5, '2024-06-01 16:25:00', '2024-06-01 16:30:00', NOW(), NOW()),
(5, '2024-06-01 16:30:00', '2024-06-01 16:35:00', NOW(), NOW()),
(5, '2024-06-01 16:35:00', '2024-06-01 16:40:00', NOW(), NOW()),
(5, '2024-06-01 16:40:00', '2024-06-01 16:45:00', NOW(), NOW()),
(5, '2024-06-01 16:45:00', '2024-06-01 16:50:00', NOW(), NOW()),
(5, '2024-06-01 16:50:00', '2024-06-01 16:55:00', NOW(), NOW()),
(5, '2024-06-01 16:55:00', '2024-06-01 17:00:00', NOW(), NOW()),
(5, '2024-06-01 17:00:00', '2024-06-01 17:05:00', NOW(), NOW()),
(5, '2024-06-01 17:05:00', '2024-06-01 17:10:00', NOW(), NOW()),
(5, '2024-06-01 17:10:00', '2024-06-01 17:15:00', NOW(), NOW()),
(5, '2024-06-01 17:15:00', '2024-06-01 17:20:00', NOW(), NOW()),
(5, '2024-06-01 17:20:00', '2024-06-01 17:25:00', NOW(), NOW()),
(5, '2024-06-01 17:25:00', '2024-06-01 17:30:00', NOW(), NOW()),
(5, '2024-06-01 17:30:00', '2024-06-01 17:35:00', NOW(), NOW()),
(5, '2024-06-01 17:35:00', '2024-06-01 17:40:00', NOW(), NOW()),
(5, '2024-06-01 17:40:00', '2024-06-01 17:45:00', NOW(), NOW()),
(5, '2024-06-01 17:45:00', '2024-06-01 17:50:00', NOW(), NOW()),
(5, '2024-06-01 17:50:00', '2024-06-01 17:55:00', NOW(), NOW()),
(5, '2024-06-01 17:55:00', '2024-06-01 18:00:00', NOW(), NOW()),
(5, '2024-06-01 18:00:00', '2024-06-01 18:05:00', NOW(), NOW()),
(5, '2024-06-01 18:05:00', '2024-06-01 18:10:00', NOW(), NOW()),
(5, '2024-06-01 18:10:00', '2024-06-01 18:15:00', NOW(), NOW()),
(5, '2024-06-01 18:15:00', '2024-06-01 18:20:00', NOW(), NOW()),
(5, '2024-06-01 18:20:00', '2024-06-01 18:25:00', NOW(), NOW()),
(5, '2024-06-01 18:25:00', '2024-06-01 18:30:00', NOW(), NOW());

-- Добавление мероприятия Катание на сапах 🏄
INSERT INTO events (id, title, description, capacity, created_at, updated_at)
VALUES (2, 'Катание на сапах 🏄', '1 сап — 1 человек, всего работает 13 сапов', 13, NOW(), NOW());

-- Слоты для Катания на сапах
INSERT INTO timeslots (event_id, start_time, end_time, created_at, updated_at) VALUES
(2, '2024-06-01 15:30:00', '2024-06-01 15:45:00', NOW(), NOW()),
(2, '2024-06-01 15:45:00', '2024-06-01 16:00:00', NOW(), NOW()),
(2, '2024-06-01 16:00:00', '2024-06-01 16:15:00', NOW(), NOW()),
(2, '2024-06-01 16:15:00', '2024-06-01 16:30:00', NOW(), NOW()),
(2, '2024-06-01 16:30:00', '2024-06-01 16:45:00', NOW(), NOW()),
(2, '2024-06-01 16:45:00', '2024-06-01 17:00:00', NOW(), NOW()),
(2, '2024-06-01 17:00:00', '2024-06-01 17:15:00', NOW(), NOW()),
(2, '2024-06-01 17:15:00', '2024-06-01 17:30:00', NOW(), NOW()),
(2, '2024-06-01 17:30:00', '2024-06-01 17:45:00', NOW(), NOW()),
(2, '2024-06-01 17:45:00', '2024-06-01 18:00:00', NOW(), NOW()),
(2, '2024-06-01 18:00:00', '2024-06-01 18:15:00', NOW(), NOW()),
(2, '2024-06-01 18:15:00', '2024-06-01 18:30:00', NOW(), NOW());

-- Добавление мероприятия Фрисби 🥏
INSERT INTO events (id, title, description, capacity, created_at, updated_at)
VALUES (7, 'Фрисби 🥏', '', 6, NOW(), NOW());

-- Слоты для Фрисби
INSERT INTO timeslots (event_id, start_time, end_time, created_at, updated_at) VALUES
(7, '2024-06-01 15:30:00', '2024-06-01 15:45:00', NOW(), NOW()),
(7, '2024-06-01 15:45:00', '2024-06-01 16:00:00', NOW(), NOW()),
(7, '2024-06-01 16:00:00', '2024-06-01 16:15:00', NOW(), NOW()),
(7, '2024-06-01 16:15:00', '2024-06-01 16:30:00', NOW(), NOW()),
(7, '2024-06-01 16:30:00', '2024-06-01 16:45:00', NOW(), NOW()),
(7, '2024-06-01 16:45:00', '2024-06-01 17:00:00', NOW(), NOW()),
(7, '2024-06-01 17:00:00', '2024-06-01 17:15:00', NOW(), NOW()),
(7, '2024-06-01 17:15:00', '2024-06-01 17:30:00', NOW(), NOW()),
(7, '2024-06-01 17:30:00', '2024-06-01 17:45:00', NOW(), NOW()),
(7, '2024-06-01 17:45:00', '2024-06-01 18:00:00', NOW(), NOW()),
(7, '2024-06-01 18:00:00', '2024-06-01 18:15:00', NOW(), NOW()),
(7, '2024-06-01 18:15:00', '2024-06-01 18:30:00', NOW(), NOW());

-- Добавление мероприятия Бадминтон 🏸
INSERT INTO events (id, title, description, capacity, created_at, updated_at)
VALUES (8, 'Бадминтон 🏸', '2 комплекта игры, т.е. 4 человека на время', 4, NOW(), NOW());

-- Слоты для Бадминтона
INSERT INTO timeslots (event_id, start_time, end_time, created_at, updated_at) VALUES
(8, '2024-06-01 15:30:00', '2024-06-01 15:45:00', NOW(), NOW()),
(8, '2024-06-01 15:45:00', '2024-06-01 16:00:00', NOW(), NOW()),
(8, '2024-06-01 16:00:00', '2024-06-01 16:15:00', NOW(), NOW()),
(8, '2024-06-01 16:15:00', '2024-06-01 16:30:00', NOW(), NOW()),
(8, '2024-06-01 16:30:00', '2024-06-01 16:45:00', NOW(), NOW()),
(8, '2024-06-01 16:45:00', '2024-06-01 17:00:00', NOW(), NOW()),
(8, '2024-06-01 17:00:00', '2024-06-01 17:15:00', NOW(), NOW()),
(8, '2024-06-01 17:15:00', '2024-06-01 17:30:00', NOW(), NOW()),
(8, '2024-06-01 17:30:00', '2024-06-01 17:45:00', NOW(), NOW()),
(8, '2024-06-01 17:45:00', '2024-06-01 18:00:00', NOW(), NOW()),
(8, '2024-06-01 18:00:00', '2024-06-01 18:15:00', NOW(), NOW()),
(8, '2024-06-01 18:15:00', '2024-06-01 18:30:00', NOW(), NOW());

-- Добавление мероприятия Лекторий: Основы правильного питания 🥗
INSERT INTO events (id, title, description, capacity, created_at, updated_at)
VALUES (6, 'Лекторий: Основы правильного питания 🥗', '', 25, NOW(), NOW());

-- Слоты для Лектория: Основы правильного питания
INSERT INTO timeslots (event_id, start_time, end_time, created_at, updated_at) VALUES
(6, '2024-06-01 16:00:00', '2024-06-01 16:20:00', NOW(), NOW()),
(6, '2024-06-01 17:00:00', '2024-06-01 17:20:00', NOW(), NOW()),
(6, '2024-06-01 18:00:00', '2024-06-01 18:20:00', NOW(), NOW());

-- Добавление мероприятия Лекторий: Выживание в лесных условиях 🏕️
INSERT INTO events (id, title, description, capacity, created_at, updated_at)
VALUES (9, 'Лекторий: Выживание в лесных условиях 🏕️', '', 25, NOW(), NOW());

-- Слоты для Лектория: Выживание в лесных условиях
INSERT INTO timeslots (event_id, start_time, end_time, created_at, updated_at) VALUES
(9, '2024-06-01 15:30:00', '2024-06-01 15:50:00', NOW(), NOW()),
(9, '2024-06-01 16:30:00', '2024-06-01 16:50:00', NOW(), NOW()),
(9, '2024-06-01 17:30:00', '2024-06-01 17:50:00', NOW(), NOW());

-- Добавление мероприятия Катание на лодках 🚣
INSERT INTO events (id, title, description, capacity, created_at, updated_at)
VALUES (1, 'Катание на лодках 🚣', '4 лодки по 4 места и 1 лодка на 6 мест', 22, NOW(), NOW());

-- Слоты для Катания на лодках
INSERT INTO timeslots (event_id, start_time, end_time, created_at, updated_at) VALUES
(1, '2024-06-01 15:30:00', '2024-06-01 15:45:00', NOW(), NOW()),
(1, '2024-06-01 15:45:00', '2024-06-01 16:00:00', NOW(), NOW()),
(1, '2024-06-01 16:00:00', '2024-06-01 16:15:00', NOW(), NOW()),
(1, '2024-06-01 16:15:00', '2024-06-01 16:30:00', NOW(), NOW()),
(1, '2024-06-01 16:30:00', '2024-06-01 16:45:00', NOW(), NOW()),
(1, '2024-06-01 16:45:00', '2024-06-01 17:00:00', NOW(), NOW()),
(1, '2024-06-01 17:00:00', '2024-06-01 17:15:00', NOW(), NOW()),
(1, '2024-06-01 17:15:00', '2024-06-01 17:30:00', NOW(), NOW()),
(1, '2024-06-01 17:30:00', '2024-06-01 17:45:00', NOW(), NOW()),
(1, '2024-06-01 17:45:00', '2024-06-01 18:00:00', NOW(), NOW()),
(1, '2024-06-01 18:00:00', '2024-06-01 18:15:00', NOW(), NOW()),
(1, '2024-06-01 18:15:00', '2024-06-01 18:30:00', NOW(), NOW());

-- SubSlot для Катамаранов 🚤 (event_id = 3)
INSERT INTO subslots (event_id, title, capacity, "order", created_at, updated_at) VALUES
(3, 'Катамаран №1', 2, 1, NOW(), NOW()),
(3, 'Катамаран №2', 2, 2, NOW(), NOW()),
(3, 'Катамаран №3', 2, 3, NOW(), NOW()),
(3, 'Катамаран №4', 2, 4, NOW(), NOW());

-- SubSlot для Бадминтона 🏸 (event_id = 8)
INSERT INTO subslots (event_id, title, capacity, "order", created_at, updated_at) VALUES
(8, 'Комплект 1', 2, 1, NOW(), NOW()),
(8, 'Комплект 2', 2, 2, NOW(), NOW());

-- SubSlot для Лодок 🚣 (event_id = 1)
INSERT INTO subslots (event_id, title, capacity, "order", created_at, updated_at) VALUES
(1, 'Лодка №1', 4, 1, NOW(), NOW()),
(1, 'Лодка №2', 4, 2, NOW(), NOW()),
(1, 'Лодка №3', 4, 3, NOW(), NOW()),
(1, 'Лодка №4', 4, 4, NOW(), NOW()),
(1, 'Лодка №5 (6 мест)', 6, 5, NOW(), NOW()); 